,folds,test_auc,test_acc,test_f1
0,0,0.7757575757575758,0.5384615384615384,0.40384615384615385
1,1,0.6484848484848484,0.5769230769230769,0.5636028139776266
2,2,0.7333333333333334,0.6923076923076923,0.6762192056309703
3,ensemble,0.3909090909090909,0.4230769230769231,0.5454545454545454
