,folds,test_auc,val_auc,test_acc,val_acc
0,0,0.8525641025641025,0.8162393162393162,0.8571428571428572,0.7714285714285715
1,1,0.7243589743589745,0.8675213675213674,0.7714285714285715,0.8857142857142857
2,2,0.9059829059829061,0.8974358974358975,0.8571428571428572,0.7714285714285715
