,folds,test_auc,test_acc,test_f1
0,0,0.9108527131782945,0.8852459016393442,0.8791441239881219
1,1,0.896640826873385,0.7540983606557377,0.764284841158814
2,2,0.8242894056847545,0.7704918032786885,0.7737992522289331
3,ensemble,0.8074935400516796,0.819672131147541,0.8674698795180723
