,folds,test_auc,test_acc,test_f1
0,0,0.8507653061224489,0.8888888888888888,0.8920920920920921
1,1,0.8596938775510204,0.7777777777777778,0.8157264957264957
2,2,0.7576530612244897,0.7936507936507937,0.8211640211640211
3,ensemble,0.7053571428571428,0.8095238095238095,0.8867924528301887
