,folds,test_auc,test_acc,test_f1
0,0,0.5435374149659864,0.703125,0.6519943257676902
1,1,0.6204081632653061,0.625,0.6478070175438596
2,2,0.5442176870748299,0.65625,0.6474107142857143
3,ensemble,0.5285714285714286,0.703125,0.8155339805825242
