,folds,test_auc,test_acc,test_f1
0,0,0.8875,0.8846153846153846,0.8875939972004298
1,1,0.8267857142857142,0.8846153846153846,0.8725121032813342
2,2,0.8446428571428573,0.8717948717948718,0.8359676852827537
3,ensemble,0.6107142857142857,0.8974358974358975,0.3333333333333333
