,folds,test_auc,test_acc,test_f1
0,0,0.8123962368566685,0.743421052631579,0.7949760046210392
1,1,0.7205312672938572,0.9144736842105263,0.8847416985369998
2,2,0.8710570005534035,0.9013157894736842,0.8843490304709141
3,ensemble,0.4748201438848921,0.868421052631579,0.0
