,folds,test_auc,val_auc,test_acc,val_acc
0,0,0.9401709401709402,0.8247863247863247,0.8857142857142857,0.7714285714285715
1,1,0.7264957264957265,0.8760683760683761,0.7714285714285715,0.8285714285714285
2,2,0.8547008547008547,0.908119658119658,0.8571428571428572,0.7428571428571429
